{
  "train_loss": [
    0.6915547251701355,
    0.6947482228279114,
    0.6906592845916748,
    0.6939557194709778,
    0.6980409622192383
  ],
  "train_acc": [
    0.5,
    0.5,
    0.625,
    0.5,
    0.25
  ],
  "val_loss": [
    0.6932253837585449,
    0.6931552886962891,
    0.6931483149528503,
    0.6931529641151428,
    0.6931633949279785
  ],
  "val_acc": [
    0.5,
    0.5,
    0.5,
    0.5,
    0.5
  ]
}