{
  "train_loss": [
    41.037544638394884,
    7.345402748927765,
    7.204755986350891,
    7.114563017924768,
    7.054941743135876,
    7.009560717994324,
    6.968075148377495,
    6.932900885282147,
    6.888731999676774,
    6.846695694999627,
    6.798337214793447,
    6.7530165218332945,
    6.711670634166386,
    6.679847970525494,
    6.613713477051703,
    6.579369514492434,
    6.5551133791041,
    6.505160673896966,
    6.460921517062145,
    6.429708909395533,
    6.377856448530939,
    6.36448464808625,
    6.3461497850570545,
    6.29263806554818,
    6.256541799270874,
    6.210393058681996,
    6.183259173777769,
    6.138035940234657,
    6.0584610435933035,
    6.025093517337345
  ],
  "train_ctc_loss": [
    41.033944360316326,
    7.3418026283833315,
    7.201155865806458,
    7.110962898227292,
    7.051341622591442,
    7.00596059744989,
    6.964475027833061,
    6.929300764737714,
    6.885131879132341,
    6.843095574455194,
    6.7947370942490135,
    6.749416401288861,
    6.708070513621952,
    6.676247849981061,
    6.610113356507269,
    6.575769393948001,
    6.551513258559666,
    6.501560553352532,
    6.457321396517711,
    6.426108788851099,
    6.374256327986505,
    6.360884527541816,
    6.342549664512621,
    6.289037945003747,
    6.25294167872644,
    6.206792938137562,
    6.179659053233335,
    6.134435819690223,
    6.05486092304887,
    6.021493396792912
  ],
  "train_mask_loss": [
    0.0036000001709908247,
    0.0036000001709908247,
    0.0036000001709908247,
    0.0036000001709908247,
    0.0036000001709908247,
    0.0036000001709908247,
    0.0036000001709908247,
    0.0036000001709908247,
    0.0036000001709908247,
    0.0036000001709908247,
    0.0036000001709908247,
    0.0036000001709908247,
    0.0036000001709908247,
    0.0036000001709908247,
    0.0036000001709908247,
    0.0036000001709908247,
    0.0036000001709908247,
    0.0036000001709908247,
    0.0036000001709908247,
    0.0036000001709908247,
    0.0036000001709908247,
    0.0036000001709908247,
    0.0036000001709908247,
    0.0036000001709908247,
    0.0036000001709908247,
    0.0036000001709908247,
    0.0036000001709908247,
    0.0036000001709908247,
    0.0036000001709908247,
    0.0036000001709908247
  ],
  "train_smooth_loss": [
    0.0,
    0.0,
    0.0,
    0.0,
    0.0,
    0.0,
    0.0,
    0.0,
    0.0,
    0.0,
    0.0,
    0.0,
    0.0,
    0.0,
    0.0,
    0.0,
    0.0,
    0.0,
    0.0,
    0.0,
    0.0,
    0.0,
    0.0,
    0.0,
    0.0,
    0.0,
    0.0,
    0.0,
    0.0,
    0.0
  ],
  "train_mean_pi": [
    1.0,
    1.0,
    1.0,
    1.0,
    1.0,
    1.0,
    1.0,
    1.0,
    1.0,
    1.0,
    1.0,
    1.0,
    1.0,
    1.0,
    1.0,
    1.0,
    1.0,
    1.0,
    1.0,
    1.0,
    1.0,
    1.0,
    1.0,
    1.0,
    1.0,
    1.0,
    1.0,
    1.0,
    1.0,
    1.0
  ],
  "val_loss": [
    7.64603470282826,
    7.6086675783482995,
    7.659446334838867,
    7.694789898880129,
    7.736097025677441,
    7.7466396564390605,
    7.773814608411091,
    7.799791853214667,
    7.833232447771522,
    7.8456940837022735,
    7.849503941264579,
    7.868676289504137,
    7.8899366619141125,
    7.935700402608732,
    7.948740406346515,
    8.046454780857738,
    8.024826779404307,
    8.028063245323615,
    8.03798672048057,
    8.095716376420928,
    8.103989397994871,
    8.131279794181266,
    8.138784830357,
    8.125571047775145,
    8.224644546973996,
    8.234469378091456,
    8.273775509314808,
    8.302586416694206,
    8.287586171840264,
    8.33576803129863
  ],
  "val_ctc_loss": [
    7.642434582283826,
    7.605067457803866,
    7.655846214294433,
    7.691189778335695,
    7.732496905133007,
    7.743039542097386,
    7.7702144878666575,
    7.796191732670233,
    7.829632327227088,
    7.84209396315784,
    7.845903820720145,
    7.865076168959703,
    7.886336541369679,
    7.932100282064298,
    7.945140285802081,
    8.042854660313305,
    8.021226658859874,
    8.024463124779182,
    8.034386599936136,
    8.092116255876494,
    8.100389277450438,
    8.127679673636832,
    8.135184709812567,
    8.121970927230711,
    8.221044426429563,
    8.230869257547022,
    8.270175388770374,
    8.298986296149772,
    8.28398605129583,
    8.332167910754196
  ],
  "val_mask_loss": [
    0.0036000001709908247,
    0.0036000001709908247,
    0.0036000001709908247,
    0.0036000001709908247,
    0.0036000001709908247,
    0.0036000001709908247,
    0.0036000001709908247,
    0.0036000001709908247,
    0.0036000001709908247,
    0.0036000001709908247,
    0.0036000001709908247,
    0.0036000001709908247,
    0.0036000001709908247,
    0.0036000001709908247,
    0.0036000001709908247,
    0.0036000001709908247,
    0.0036000001709908247,
    0.0036000001709908247,
    0.0036000001709908247,
    0.0036000001709908247,
    0.0036000001709908247,
    0.0036000001709908247,
    0.0036000001709908247,
    0.0036000001709908247,
    0.0036000001709908247,
    0.0036000001709908247,
    0.0036000001709908247,
    0.0036000001709908247,
    0.0036000001709908247,
    0.0036000001709908247
  ],
  "val_smooth_loss": [
    0.0,
    0.0,
    0.0,
    0.0,
    0.0,
    0.0,
    0.0,
    0.0,
    0.0,
    0.0,
    0.0,
    0.0,
    0.0,
    0.0,
    0.0,
    0.0,
    0.0,
    0.0,
    0.0,
    0.0,
    0.0,
    0.0,
    0.0,
    0.0,
    0.0,
    0.0,
    0.0,
    0.0,
    0.0,
    0.0
  ],
  "val_mean_pi": [
    1.0,
    1.0,
    1.0,
    1.0,
    1.0,
    1.0,
    1.0,
    1.0,
    1.0,
    1.0,
    1.0,
    1.0,
    1.0,
    1.0,
    1.0,
    1.0,
    1.0,
    1.0,
    1.0,
    1.0,
    1.0,
    1.0,
    1.0,
    1.0,
    1.0,
    1.0,
    1.0,
    1.0,
    1.0,
    1.0
  ],
  "val_wer": [
    1.0,
    1.0,
    1.0,
    0.998159509202454,
    0.9938650306748467,
    0.9920245398773007,
    0.9871165644171779,
    0.9883435582822085,
    0.9889570552147239,
    0.9846625766871165,
    0.9822085889570552,
    0.9809815950920245,
    0.9828220858895705,
    0.9825153374233129,
    0.9822085889570552,
    0.9834355828220859,
    0.9828220858895705,
    0.9800613496932515,
    0.9812883435582822,
    0.9843558282208589,
    0.9855828220858895,
    0.9773006134969325,
    0.9846625766871165,
    0.9858895705521472,
    0.9834355828220859,
    0.9840490797546012,
    0.9840490797546012,
    0.9855828220858895,
    0.9834355828220859,
    0.9831288343558282
  ],
  "lr": [
    0.0003,
    0.0003,
    0.0003,
    0.0003,
    0.0003,
    0.0003,
    0.0003,
    0.0003,
    0.0003,
    0.0003,
    0.0003,
    0.0003,
    0.0003,
    0.0003,
    0.0003,
    0.0003,
    0.0003,
    0.0003,
    0.0003,
    0.0003,
    0.0003,
    0.0003,
    0.0003,
    0.0003,
    0.0003,
    0.0003,
    0.0003,
    0.00015,
    0.00015,
    0.00015
  ]
}