{
  "train_loss": [
    3.6856481477284895,
    2.5785362724860947,
    1.8362489843438474,
    1.3476420228718224,
    1.0655443029260303,
    0.8755920611767267,
    0.6935809791678249,
    0.5859492539397779,
    0.5089477116824682,
    0.44496784262225264,
    0.440943086566967,
    0.3696184231519568,
    0.3637509108748154,
    0.33241280645601995,
    0.30279736400885504,
    0.2693974379003376,
    0.23351199462119152,
    0.2567530686509098,
    0.2038972972512114,
    0.17620570210416894,
    0.16341847739499002,
    0.1786109205986997,
    0.15200331524631938,
    0.14959020687108035,
    0.19106694363087667,
    0.13570534140909815,
    0.09415493360479804,
    0.1285939168527881,
    0.09424983226459543,
    0.08880448342821085,
    0.08954571753529934,
    0.07015183813160276,
    0.08435015031828148,
    0.06712434668627372,
    0.06794329482527893,
    0.07146634594245319,
    0.0738768525449624,
    0.062143588475172644,
    0.03293806483127589,
    0.043974000409376636,
    0.03780227550382268,
    0.0462157664166372,
    0.013044160236455951,
    0.01538011651297213,
    0.005918277525143212,
    0.00536057788328492,
    0.010070579763954651,
    0.012622267392207502,
    0.004869124777712403,
    0.005387305309420549
  ],
  "train_acc": [
    0.05647231389805647,
    0.226989365603227,
    0.41657499083241656,
    0.5782911624495783,
    0.6538320498716539,
    0.7095709570957096,
    0.7711771177117712,
    0.7979464613127979,
    0.8232489915658232,
    0.8514851485148515,
    0.8525852585258525,
    0.8793546021268793,
    0.8775210854418776,
    0.8881554822148882,
    0.8980564723138981,
    0.9053905390539054,
    0.9240924092409241,
    0.9145581224789145,
    0.931059772643931,
    0.9486615328199487,
    0.9508617528419508,
    0.9471947194719472,
    0.949028236156949,
    0.9570957095709571,
    0.9475614228089475,
    0.9629629629629629,
    0.9695636230289696,
    0.9574624129079574,
    0.9702970297029703,
    0.9691969196919692,
    0.9743307664099743,
    0.9787312064539787,
    0.9750641730839751,
    0.9794646131279795,
    0.9794646131279795,
    0.9754308764209755,
    0.9783645031169783,
    0.9812981298129813,
    0.991932526585992,
    0.9860652731939861,
    0.9900990099009901,
    0.9878987898789879,
    0.9963329666299964,
    0.9963329666299964,
    0.9981664833149981,
    0.9988998899889989,
    0.9985331866519985,
    0.9970663733039971,
    0.9992665933259993,
    0.9988998899889989
  ],
  "val_loss": [
    3.0609181431421626,
    1.9610633769574495,
    1.5482991088329432,
    1.1041775271843532,
    0.7901637423756189,
    0.6144526112994259,
    0.4897436444618891,
    0.49723389670362206,
    0.34347575327187296,
    0.40823122960202146,
    0.36053142608683586,
    0.42990131427297334,
    0.3037183569134288,
    0.2548777543599122,
    0.215258096410071,
    0.18597100934946414,
    0.18966913591829646,
    0.157219167696189,
    0.16722240356570137,
    0.09815178754453639,
    0.08363989264350083,
    0.1282022724443672,
    0.1113986075710828,
    0.11080549932775606,
    0.13305782542458672,
    0.1799093225612558,
    0.06930932549215449,
    0.054816566897445414,
    0.10914120857069466,
    0.06869749865571936,
    0.06532768773712647,
    0.07261294509433265,
    0.023534458570895003,
    0.036678127950623564,
    0.057899551750606924,
    0.02278990569837643,
    0.04117298786762265,
    0.03936091135179066,
    0.05065127538335742,
    0.043165505888342594,
    0.0843801648308497,
    0.037792512552932186,
    0.023373604082259806,
    0.04362635263740407,
    0.02032169720056924,
    0.012804231219347718,
    0.04272726429756586,
    0.021900419782030764,
    0.019207420268048336,
    0.02398053215986368
  ],
  "val_acc": [
    0.15859030837004406,
    0.39060205580029367,
    0.527165932452276,
    0.6417033773861968,
    0.723935389133627,
    0.7958883994126285,
    0.8193832599118943,
    0.8164464023494861,
    0.869309838472834,
    0.8502202643171806,
    0.8781204111600588,
    0.8516886930983847,
    0.9030837004405287,
    0.9148311306901615,
    0.9118942731277533,
    0.9324522760646109,
    0.9280469897209985,
    0.9530102790014684,
    0.9368575624082232,
    0.9691629955947136,
    0.973568281938326,
    0.9530102790014684,
    0.9618208516886931,
    0.9662261380323054,
    0.9632892804698973,
    0.9368575624082232,
    0.9765051395007343,
    0.9809104258443465,
    0.9662261380323054,
    0.9691629955947136,
    0.9779735682819384,
    0.9794419970631424,
    0.9911894273127754,
    0.9853157121879589,
    0.9838472834067548,
    0.9911894273127754,
    0.9882525697503671,
    0.986784140969163,
    0.9823788546255506,
    0.9882525697503671,
    0.9765051395007343,
    0.9882525697503671,
    0.9926578560939795,
    0.986784140969163,
    0.9926578560939795,
    0.9955947136563876,
    0.9897209985315712,
    0.9926578560939795,
    0.9941262848751835,
    0.9926578560939795
  ]
}